{"cameraMode":{"drawMode":0,"name":"Shaded","section":"Shading Mode"},"sceneLighting":true,"audioPlay":false,"sceneViewState":{"showFog":true,"showMaterialUpdate":false,"showSkybox":true,"showFlares":true,"showImageEffects":true,"showParticleSystems":true},"in2DMode":false,"pivot":{"x":-0.08431577682495117,"y":1.3559532165527344,"z":5.89382266998291},"rotation":{"x":-0.1168736070394516,"y":-0.1654474437236786,"z":0.019749529659748079,"w":-0.9790708422660828},"size":16.374465942382814,"orthographic":false}