{"cameraMode":{"drawMode":0,"name":"Shaded","section":"Shading Mode"},"sceneLighting":true,"audioPlay":false,"sceneViewState":{"showFog":true,"showMaterialUpdate":false,"showSkybox":true,"showFlares":true,"showImageEffects":true,"showParticleSystems":true},"in2DMode":false,"pivot":{"x":76.03669738769531,"y":161.30325317382813,"z":66.46028137207031},"rotation":{"x":0.4343549311161041,"y":0.18937447667121888,"z":-0.09393990784883499,"w":0.8755894899368286},"size":11.65139389038086,"orthographic":false}