{"cameraMode":{"drawMode":0,"name":"Shaded","section":"Shading Mode"},"sceneLighting":false,"audioPlay":false,"sceneViewState":{"showFog":true,"showMaterialUpdate":false,"showSkybox":false,"showFlares":true,"showImageEffects":true,"showParticleSystems":true},"in2DMode":false,"pivot":{"x":3.4990463256835939,"y":1.059999942779541,"z":0.009999990463256836},"rotation":{"x":-0.1168736070394516,"y":-0.1654474437236786,"z":0.019749529659748079,"w":-0.9790708422660828},"size":4.041658401489258,"orthographic":false}